<?xml version="1.0" encoding="UTF-8"?>
<responseProcessing xmlns="http://www.imsglobal.org/xsd/imsqti_v2p1" xmlns:xsi="http://www.w3.org/2001/XMLSchema-instance" 
xsi:schemaLocation="http://www.imsglobal.org/xsd/imsqti_v2p1 http://www.imsglobal.org/xsd/imsqti_v2p1.xsd">
	<responseCondition>
		<responseIf>
			<match>
				<variable identifier="RESPONSE"/>
				<correct identifier="RESPONSE"/>
			</match>
			<setOutcomeValue identifier="SCORE">
				<baseValue baseType="integer">1</baseValue>
			</setOutcomeValue>
		</responseIf>
		<responseElse>
			<setOutcomeValue identifier="SCORE">
				<baseValue baseType="integer">0</baseValue>
			</setOutcomeValue>
		</responseElse>
	</responseCondition>
</responseProcessing>
