<?xml version="1.0" encoding="UTF-8"?>
<manifest xmlns="http://www.imsglobal.org/xsd/imscp_v1p1"
	xmlns:imsmd="http://www.imsglobal.org/xsd/imsmd_v1p2"
	xmlns:xsi="http://www.w3.org/2001/XMLSchema-instance"
	xmlns:imsqti="http://www.imsglobal.org/xsd/imsqti_v2p1"
	identifier="MANIFEST-85D76736-6D19-9DC0-7C0B-57C31A9FD391"
	xsi:schemaLocation="http://www.imsglobal.org/xsd/imscp_v1p1 http://www.imsglobal.org/xsd/imscp_v1p2.xsd 
http://www.imsglobal.org/xsd/imsmd_v1p2 http://www.imsglobal.org/xsd/imsmd_v1p2p4.xsd 
http://www.imsglobal.org/xsd/imsqti_v2p1 http://www.imsglobal.org/xsd/imsqti_v2p1.xsd">
	<metadata>
		<schema>IMS Content</schema>
		<schemaversion>1.2</schemaversion>
		<imsmd:lom>
			<imsmd:general>
				<imsmd:title>
					<imsmd:langstring xml:lang="en">Example Contentpackage with QTI v2.1
					items</imsmd:langstring>
				</imsmd:title>
				<imsmd:language>en</imsmd:language>
				<imsmd:description>
					<imsmd:langstring xml:lang="en">This is an example Contentpackage containing a
						number of QTI v2.1 items</imsmd:langstring>
				</imsmd:description>
			</imsmd:general>
			<imsmd:lifecycle>
				<imsmd:version>
					<imsmd:langstring xml:lang="en">1.1</imsmd:langstring>
			</imsmd:version>
				<imsmd:status>
					<imsmd:source>
						<imsmd:langstring xml:lang="en">LOMv1.0</imsmd:langstring>
					</imsmd:source>
					<imsmd:value>
						<imsmd:langstring xml:lang="x-none">Final</imsmd:langstring>
					</imsmd:value>
				</imsmd:status>
			</imsmd:lifecycle>
			<imsmd:metametadata>
				<imsmd:metadatascheme>LOMv1.0</imsmd:metadatascheme>
				<imsmd:metadatascheme>QTIv2.1</imsmd:metadatascheme>
				<imsmd:language>en</imsmd:language>
			</imsmd:metametadata>
			<imsmd:technical>
				<imsmd:format>text/x-imsqti-item-xml</imsmd:format>
				<imsmd:format>image/png</imsmd:format>
			</imsmd:technical>
			<imsmd:rights>
				<imsmd:description>
					<imsmd:langstring xml:lang="en">(c) 2004 - 2006, IMS Global Learning Consortium;
						individual questions may have own copyright statement.</imsmd:langstring>
				</imsmd:description>
			</imsmd:rights>
		</imsmd:lom>
	</metadata>
	<organizations/>
	<resources>
		<resource identifier="RES-BCA84FC0-53F9-ABBD-C3FE-BDB5B825CA9E" type="imsqti_item_xmlv2p1"
			href="example/adaptive.xml">
			<metadata>
				<imsmd:lom>
					<imsmd:general>
						<imsmd:identifier>adaptiveTemplate</imsmd:identifier>
						<imsmd:title>
							<imsmd:langstring xml:lang="en">Monty Hall (Take 2)</imsmd:langstring>
						</imsmd:title>
						<imsmd:description>
							<imsmd:langstring xml:lang="en">This example takes a famous mathematical
								problem and presents it to the user as a game.</imsmd:langstring>
						</imsmd:description>
					</imsmd:general>
					<imsmd:lifecycle>
						<imsmd:version>
							<imsmd:langstring xml:lang="en">1.0</imsmd:langstring>
						</imsmd:version>
						<imsmd:status>
							<imsmd:source>
								<imsmd:langstring xml:lang="x-none">LOMv1.0</imsmd:langstring>
							</imsmd:source>
							<imsmd:value>
								<imsmd:langstring xml:lang="x-none">Draft</imsmd:langstring>
							</imsmd:value>
						</imsmd:status>
					</imsmd:lifecycle>
					<imsmd:technical>
						<imsmd:format>text/x-imsqti-item-xml</imsmd:format>
						<imsmd:format>image/png</imsmd:format>
					</imsmd:technical>
				</imsmd:lom>
				<imsqti:qtiMetadata>
					<imsqti:timeDependent>false</imsqti:timeDependent>
					<imsqti:interactionType>choiceInteraction</imsqti:interactionType>
					<imsqti:feedbackType>adaptive</imsqti:feedbackType>
					<imsqti:solutionAvailable>true</imsqti:solutionAvailable>
				</imsqti:qtiMetadata>
			</metadata>
			<file href="example/adaptive.xml"/>
			<file href="example/green_door.png"/>
			<file href="example/open_car.png"/>
			<file href="example/red_door.png"/>
			<file href="example/blue_door.png"/>
			<file href="example/open_goat.png"/>
		</resource>
		<resource identifier="RES-B38DF83F-A291-86DA-4EC3-B2CEBD1515A4" type="imsqti_item_xmlv2p1"
			href="example/choice.xml">
			<metadata>
				<imsmd:lom>
					<imsmd:general>
						<imsmd:identifier>choice</imsmd:identifier>
						<imsmd:title>
							<imsmd:langstring xml:lang="en">Unattended Luggage</imsmd:langstring>
						</imsmd:title>
						<imsmd:description>
							<imsmd:langstring xml:lang="en">This example illustrates the
								choiceInteraction being used to obtain a single response from the
								candidate.</imsmd:langstring>
						</imsmd:description>
					</imsmd:general>
					<imsmd:lifecycle>
						<imsmd:version>
							<imsmd:langstring xml:lang="en">1.0</imsmd:langstring>
						</imsmd:version>
						<imsmd:status>
							<imsmd:source>
								<imsmd:langstring xml:lang="x-none">LOMv1.0</imsmd:langstring>
							</imsmd:source>
							<imsmd:value>
								<imsmd:langstring xml:lang="x-none">Draft</imsmd:langstring>
							</imsmd:value>
						</imsmd:status>
					</imsmd:lifecycle>
					<imsmd:technical>
						<imsmd:format>text/x-imsqti-item-xml</imsmd:format>
					</imsmd:technical>
					<imsmd:rights>
						<imsmd:description>
							<imsmd:langstring xml:lang="en">This example has been adapted from the
								PET Handbook, copyright University of Cambridge ESOL Examinations
							.</imsmd:langstring>
						</imsmd:description>
					</imsmd:rights>
				</imsmd:lom>
				<imsqti:qtiMetadata>
					<imsqti:timeDependent>false</imsqti:timeDependent>
					<imsqti:interactionType>choiceInteraction</imsqti:interactionType>
					<imsqti:feedbackType>none</imsqti:feedbackType>
					<imsqti:solutionAvailable>true</imsqti:solutionAvailable>
				</imsqti:qtiMetadata>
			</metadata>
			<file href="example/choice.xml"/>
			<file href="example/sign.png"/>
			<dependency identifierref="rp02"/>
		</resource>
		<resource identifier="RES-3E07BB74-648D-1705-AB43-FC02920B1EAD" type="imsqti_item_xmlv2p1"
			href="example/choice_multiple.xml">
			<metadata>
				<imsmd:lom>
					<imsmd:general>
						<imsmd:identifier>choiceMultiple</imsmd:identifier>
						<imsmd:title>
							<imsmd:langstring xml:lang="en">Composition of Water</imsmd:langstring>
						</imsmd:title>
						<imsmd:description>
							<imsmd:langstring xml:lang="en">This example illustrates the
								choiceInteraction being used to obtain multiple responses from the
								candidate.</imsmd:langstring>
						</imsmd:description>
					</imsmd:general>
					<imsmd:lifecycle>
						<imsmd:version>
							<imsmd:langstring xml:lang="en">1.0</imsmd:langstring>
						</imsmd:version>
						<imsmd:status>
							<imsmd:source>
								<imsmd:langstring xml:lang="x-none">LOMv1.0</imsmd:langstring>
							</imsmd:source>
							<imsmd:value>
								<imsmd:langstring xml:lang="x-none">Draft</imsmd:langstring>
							</imsmd:value>
						</imsmd:status>
					</imsmd:lifecycle>
					<imsmd:technical>
						<imsmd:format>text/x-imsqti-item-xml</imsmd:format>
					</imsmd:technical>
				</imsmd:lom>
				<imsqti:qtiMetadata>
					<imsqti:timeDependent>false</imsqti:timeDependent>
					<imsqti:interactionType>choiceInteraction</imsqti:interactionType>
					<imsqti:feedbackType>none</imsqti:feedbackType>
					<imsqti:solutionAvailable>true</imsqti:solutionAvailable>
				</imsqti:qtiMetadata>
			</metadata>
			<file href="example/choice_multiple.xml"/>
			<dependency identifierref="rp01"/>
		</resource>
		<resource identifier="RES-1CDACE46-DD7B-719F-0D4D-BDA579A862AB" type="imsqti_item_xmlv2p1"
			href="example/hotspot.xml">
			<metadata>
				<imsmd:lom>
					<imsmd:general>
						<imsmd:identifier>hotspot</imsmd:identifier>
						<imsmd:title>
							<imsmd:langstring xml:lang="en">UK Airports (Take 1)</imsmd:langstring>
						</imsmd:title>
						<imsmd:description>
							<imsmd:langstring xml:lang="en">This example illustrates the
								hotspotInteraction.</imsmd:langstring>
						</imsmd:description>
					</imsmd:general>
					<imsmd:lifecycle>
						<imsmd:version>
							<imsmd:langstring xml:lang="en">1.0</imsmd:langstring>
						</imsmd:version>
						<imsmd:status>
							<imsmd:source>
								<imsmd:langstring xml:lang="x-none">LOMv1.0</imsmd:langstring>
							</imsmd:source>
							<imsmd:value>
								<imsmd:langstring xml:lang="x-none">Draft</imsmd:langstring>
							</imsmd:value>
						</imsmd:status>
					</imsmd:lifecycle>
					<imsmd:technical>
						<imsmd:format>text/x-imsqti-item-xml</imsmd:format>
						<imsmd:format>image/png</imsmd:format>
					</imsmd:technical>
				</imsmd:lom>
				<imsqti:qtiMetadata>
					<imsqti:timeDependent>false</imsqti:timeDependent>
					<imsqti:interactionType>hotspotInteraction</imsqti:interactionType>
					<imsqti:feedbackType>none</imsqti:feedbackType>
					<imsqti:solutionAvailable>true</imsqti:solutionAvailable>
				</imsqti:qtiMetadata>
			</metadata>
			<file href="example/hotspot.xml"/>
			<file href="example/ukair.png"/>
			<dependency identifierref="rp02"/>
		</resource>
		<resource identifier="rp01" type="imsqti_rptemplate_xmlv2p1">
			<metadata>
				<imsmd:lom>
					<imsmd:general>
						<imsmd:identifier>http://www.imsglobal.org/question/qtiv2p1pd/rptemplates/map_response.xml</imsmd:identifier>
						<imsmd:title>
							<imsmd:langstring xml:lang="en">Map Response Template</imsmd:langstring>
						</imsmd:title>
						<imsmd:description>
							<imsmd:langstring xml:lang="en">The map response processing template
								uses the mapResponse operator to map the value of a response
								variable RESPONSE onto a value for the outcome SCORE. Note that when
								using the mapResponse, the SCORE needs to be of type float. Both
								variables must have been declared and RESPONSE must have an
								associated mapping. The template applies to responses of any
								baseType and cardinality. See the notes about mapResponse for
								details of its behaviour when applied to
							containers.</imsmd:langstring>
						</imsmd:description>
					</imsmd:general>
					<imsmd:lifecycle>
						<imsmd:version>
							<imsmd:langstring xml:lang="en">1.0</imsmd:langstring>
						</imsmd:version>
						<imsmd:status>
							<imsmd:source>
								<imsmd:langstring xml:lang="x-none">LOMv1.0</imsmd:langstring>
							</imsmd:source>
							<imsmd:value>
								<imsmd:langstring xml:lang="x-none">Final</imsmd:langstring>
							</imsmd:value>
						</imsmd:status>
					</imsmd:lifecycle>
					<imsmd:technical>
						<imsmd:format>application/xml</imsmd:format>
					</imsmd:technical>
					<imsmd:rights>
						<imsmd:cost>
							<imsmd:source>
								<imsmd:langstring>LOMv1.0</imsmd:langstring>
							</imsmd:source>
							<imsmd:value>
								<imsmd:langstring>no</imsmd:langstring>
							</imsmd:value>
						</imsmd:cost>
						<imsmd:copyrightandotherrestrictions>
							<imsmd:source>
								<imsmd:langstring>LOMv1.0</imsmd:langstring>
							</imsmd:source>
							<imsmd:value>
								<imsmd:langstring>yes</imsmd:langstring>
							</imsmd:value>
						</imsmd:copyrightandotherrestrictions>
						<imsmd:description>
							<imsmd:langstring>Copyright (c) 2006 IMS Global Learning Consortium,
								Inc. All Rights Reserved.</imsmd:langstring>
						</imsmd:description>
					</imsmd:rights>
				</imsmd:lom>
			</metadata>
			<file href="rptemplates/map_response.xml"/>
		</resource>
		<resource identifier="rp02" type="imsqti_rptemplate_xmlv2p1">
			<metadata>
				<imsmd:lom>
					<imsmd:general>
						<imsmd:identifier>http://www.imsglobal.org/question/qtiv2p1pd/rptemplates/match_correct.xml</imsmd:identifier>
						<imsmd:title>
							<imsmd:langstring xml:lang="en">Match Correct</imsmd:langstring>
						</imsmd:title>
						<imsmd:description>
							<imsmd:langstring xml:lang="en">The match correct response processing
								template uses the match operator to match the value of a response
								variable RESPONSE with its correct value. It sets the outcome
								variable SCORE to either 0 or 1 depending on the outcome of the
								test. A response variable with called RESPONSE must have been
								declared and have an associated correct value. Similarly, the
								outcome variable SCORE must also have been declared. The template
								applies to responses of any baseType and cardinality though bear in
								mind the limitations of matching more complex data types. This
								template shouldn't be used for testing the numerical equality of
								responses with base-type float.</imsmd:langstring>
						</imsmd:description>
					</imsmd:general>
					<imsmd:lifecycle>
						<imsmd:version>
							<imsmd:langstring xml:lang="en">1.0</imsmd:langstring>
						</imsmd:version>
						<imsmd:status>
							<imsmd:source>
								<imsmd:langstring xml:lang="x-none">LOMv1.0</imsmd:langstring>
							</imsmd:source>
							<imsmd:value>
								<imsmd:langstring xml:lang="x-none">Final</imsmd:langstring>
							</imsmd:value>
						</imsmd:status>
					</imsmd:lifecycle>
					<imsmd:technical>
						<imsmd:format>application/xml</imsmd:format>
					</imsmd:technical>
					<imsmd:rights>
						<imsmd:cost>
							<imsmd:source>
								<imsmd:langstring>LOMv1.0</imsmd:langstring>
							</imsmd:source>
							<imsmd:value>
								<imsmd:langstring>no</imsmd:langstring>
							</imsmd:value>
						</imsmd:cost>
						<imsmd:copyrightandotherrestrictions>
							<imsmd:source>
								<imsmd:langstring>LOMv1.0</imsmd:langstring>
							</imsmd:source>
							<imsmd:value>
								<imsmd:langstring>yes</imsmd:langstring>
							</imsmd:value>
						</imsmd:copyrightandotherrestrictions>
						<imsmd:description>
							<imsmd:langstring>Copyright (c) 2006 IMS Global Learning Consortium,
								Inc. All Rights Reserved.</imsmd:langstring>
						</imsmd:description>
					</imsmd:rights>
				</imsmd:lom>
			</metadata>
			<file href="rptemplates/match_correct.xml"/>
		</resource>
	</resources>
</manifest>
